{"Zee Business": -10, "focus": -10, "Investing.com | Stock Market Quotes &amp; Financial News": -0.06048505502891614, "Bloomberg | Latest And Live Business": 0.3846134375268374, "The Financial Express": 0.042413929126854974, "Financial Post | Canada Business News": 0.6409098401885828, "Financial Times": 0.2022772206242651}