{"Zee Business": -10, "focus": -10, "Investing.com | Stock Market Quotes &amp; Financial News": -0.9595543209201289, "Bloomberg | Latest And Live Business": 1.438194979390242, "The Financial Express": -0.16328497922391758, "Financial Post | Canada Business News": 0.1754695460496661, "Financial Times": 0.25302196840897784, "Seeking Alpha": -0.13181806727215067, "The Guardian": 0.08903010337748415, "BBC News - Business": 0.17325887366233111, "Business Standard": -0.7373694816004962}