{"nba": -10, "chinese": 4.95123839539793, "india": -1, "climate": -1, "electoral": -2, "indian": -1.078926282051282, "bullish": 1, "recovery": 1, "tariffs": 1.213118586977307, "tariff": 1, "consolidation": 1.4835308233747146, "investors": 0.6666666666666667, "merger": 3.474172988065585, "growth": 1, "commerce": 0.08102284788559297, "ministry": 0.08102284788559297, "seeks": 0.9002842679490284, "views": 0.08102284788559297, "on": 0.5678756479700366, "proposed": 0.08102284788559297, "national": 0.08102284788559297, "logistics": 0.08102284788559297, "policy": 0.08102284788559297, "bitcoin": 0.3117501073613206, "rallies": 0.16666666666666666, "above": 0.16666666666666666, "for": 0.14781330974204276, "first": 0.16666666666666666, "time": 0.16666666666666666, "litecoin": -0.3333333333333333, "climbs": -0.3333333333333333, "as": -0.11242209321406624, "gain": -0.3333333333333333, "confidence": -0.3333333333333333, "how": -0.4423076923076923, "to": -0.21130683465403455, "spend": -0.4423076923076923, "in": 0.6246803851187448, "reliance": -0.02300116989596629, "bp": -0.02300116989596629, "commit": -0.02300116989596629, "pay": -0.02300116989596629, "any": -0.02300116989596629, "shortfall": -0.02300116989596629, "kgd": -0.02300116989596629, "production": -0.02300116989596629, "buyers": -0.02300116989596629, "spain": -0.01111111111111111, "will": -0.01111111111111111, "have": -0.01111111111111111, "final": -0.01111111111111111, "say": -0.01111111111111111, "gibraltar": -0.01111111111111111, "entry": -0.01111111111111111, "minister": -0.01111111111111111, "says": -0.07861282889224061, "australias": 0.141258220851256, "virus": -0.004710885093018036, "cluster": 0.141258220851256, "expands": 0.141258220851256, "further": 0.141258220851256, "masks": 0.141258220851256, "made": 0.141258220851256, "compulsory": 0.141258220851256, "live": 0.047416478129713446, "makes": -0.07892628205128205, "every": -0.07892628205128205, "proud": -0.07892628205128205, "tweets": -0.07892628205128205, "pm": -0.07892628205128205, "modi": -0.07892628205128205, "dcgi": 0.047416478129713446, "grants": -0.07892628205128205, "emergency": -0.07892628205128205, "authorisation": -0.07892628205128205, "covishield": -0.07892628205128205, "covaxin": -0.07892628205128205, "italy": 0.1, "gives": 0.1, "uk": 0.1, "finance": 0.1, "firms": 0.5836559505953188, "brexit": -0.04596910594427403, "grace": 0.1, "period": 0.1, "until": 0.1, "june": 0.1, "more": 0.07692307692307693, "drugs": 0.07692307692307693, "see": 0.07692307692307693, "price": 0.07692307692307693, "hikes": 0.07692307692307693, "yet": 0.07692307692307693, "at": -0.40522247360482655, "a": 0.08107088989441931, "lower": 0.07692307692307693, "rate": 0.07692307692307693, "than": 0.07692307692307693, "last": 0.07692307692307693, "year": 0.21785870464638846, "bq": 0.004147812971342385, "big": 0.004147812971342385, "decisions": 0.004147812971342385, "is": 0.004147812971342385, "crying": 0.004147812971342385, "out": -0.5717935435985885, "place": 0.004147812971342385, "your": 0.004147812971342385, "portfolio": 0.004147812971342385, "beware": 0.004147812971342385, "of": -0.6346902431932728, "the": 0.3323516950926543, "risks": 0.004147812971342385, "republican": -0.25961538461538464, "senators": -0.25961538461538464, "join": -0.25961538461538464, "bid": -0.25961538461538464, "block": -0.25961538461538464, "certification": -0.25961538461538464, "biden": -0.25961538461538464, "win": -0.25961538461538464, "deutsche": 0.4835308233747148, "bank": 0.4835308233747148, "ceo": 0.4835308233747148, "key": 0.14039718451483157, "role": 0.4835308233747148, "banking": 0.4835308233747148, "welt": 0.14039718451483157, "nbapaul": -0.4821455505279035, "westphal": -0.4821455505279035, "hall": -0.4821455505279035, "fame": -0.4821455505279035, "player": -0.4821455505279035, "turned": -0.4821455505279035, "coach": -0.4821455505279035, "dies": -0.4821455505279035, "us": 0.263737533741083, "widens": 0.2131185869773068, "eu": 0.2131185869773068, "imports": 0.2131185869773068, "airbus": 0.2131185869773068, "boeing": 0.2131185869773068, "fight": 0.2131185869773068, "fiat": 0.4741729880655859, "and": 0.34843738844824607, "psas": 0.4741729880655859, "againstallodds": 0.4741729880655859, "nears": 0.4741729880655859, "finish": 0.4741729880655859, "line": 0.4741729880655859, "tournament": -0.5935850301659125, "champions": -0.5935850301659125, "field": -0.5935850301659125, "expanded": -0.5935850301659125, "mcilroy": -0.5935850301659125, "opts": -0.5935850301659125, "breaches": 0.14093562772331153, "rally": 0.14093562772331153, "extends": 0.14093562772331153, "into": 0.14093562772331153, "new": 0.14093562772331153, "mcconnell": -0.12573559961733982, "pelosis": -0.12573559961733982, "homes": -0.10809192602135823, "vandalized": -0.12573559961733982, "after": -0.12573559961733982, "congress": -0.12573559961733982, "fails": -0.12573559961733982, "pass": -0.12573559961733982, "stimulus": -0.12573559961733982, "checks": -0.12573559961733982, "great": -0.14596910594427404, "british": -0.14596910594427404, "booze": -0.14596910594427404, "cruise": -0.14596910594427404, "france": -0.14596910594427404, "ends": -0.14596910594427404, "with": -0.14596910594427404, "indias": -0.130681278280543, "protesting": -0.130681278280543, "farmers": -0.130681278280543, "plan": -0.130681278280543, "enter": -0.130681278280543, "capital": -0.130681278280543, "republic": -0.130681278280543, "day": -0.130681278280543, "outsourcing": -0.09446392659627954, "cost": -0.09446392659627954, "mexico": -0.09446392659627954, "jobs": -0.09446392659627954, "december": -0.09446392659627954, "president": -0.09446392659627954, "treasury": 0.3649076557350147, "markets": 0.3649076557350147, "bets": 0.3649076557350147, "reflation": 0.3649076557350147, "face": 0.3649076557350147, "january": 0.3649076557350147, "reckoning": 0.3649076557350147, "nyse": 0.05061894676377623, "delist": 0.05061894676377623, "telco": 0.05061894676377623, "giants": 0.05061894676377623, "executive": 0.05061894676377623, "order": 0.05061894676377623, "cag": 0.6788642355486038, "performance": 0.6788642355486038, "audit": 0.6788642355486038, "details": 0.6788642355486038, "psu": 0.6788642355486038, "banks": 0.6788642355486038, "recapitalisation": 0.6788642355486038, "vaccines": 0.1263427601809955, "approved": 0.1263427601809955, "are": 0.1263427601809955, "safe": 0.1263427601809955, "chief": 0.1263427601809955, "vg": 0.1263427601809955, "somani": 0.1263427601809955, "should": 0.34313363885988324, "play": 0.34313363885988324, "leading": 0.34313363885988324, "california": 0.017643673595981603, "funeral": 0.017643673595981603, "run": 0.017643673595981603, "space": 0.017643673595981603, "covid": 0.017643673595981603, "rages": 0.017643673595981603, "iranian": 0.48365595059531885, "sign": 0.48365595059531885, "billion": 0.3842753992294734, "deals": 0.48365595059531885, "boost": 0.48365595059531885, "oil": 0.3842753992294734, "output": 0.48365595059531885, "iraq": -0.09938055136584545, "company": -0.09938055136584545, "wins": -0.09938055136584545, "prepayment": -0.09938055136584545, "deal": -0.09938055136584545}